spec_id,delivery_point_id,version_id,required_resolution,required_audio,required_hdr,required_container,max_bitrate_mbps,is_mandatory
ad63d0b7-574a-4b64-866a-d33eeda1212b,DP_00001,VER_TITLE_001347_005,8K,7.1,HDR10,MXF,40,True
6405e275-dc1d-4c9e-94fe-a81a73979d9b,DP_00001,VER_TITLE_001150_000,HD,Atmos,HDR10+,IMF,5,True
93c18dc8-0a0c-47fc-95b9-82081a0a7ab6,DP_00001,VER_TITLE_002303_003,HD,5.1,HDR10+,MKV,22,False
b567f9db-c3f5-4226-9e5c-4cc6aa5026fa,DP_00001,VER_TITLE_001884_000,HD,7.1,SDR,MKV,9,True
92f6a342-5d55-4664-9e78-e6ab16967c9a,DP_00001,VER_TITLE_001877_005,8K,Atmos,Dolby Vision,MKV,40,False
c43bab1e-c4cd-447f-a8e6-95741c807aae,DP_00002,VER_TITLE_004617_001,8K,2.0,Dolby Vision,MXF,10,False
95b8dc33-301a-4d6b-9ca9-5d5d6bbc0425,DP_00002,VER_TITLE_001198_002,HD,7.1,HDR10,IMF,22,False
d06f05ca-e76f-4090-8fba-0aceb15094f0,DP_00002,VER_TITLE_003175_003,4K,7.1,SDR,IMF,22,True
7b0535f3-033a-4327-a7c3-dc9350eb41a7,DP_00002,VER_TITLE_000569_002,8K,5.1,HDR10+,IMF,50,True
3aae95cd-3d59-466f-b53b-0f1f3467229b,DP_00002,VER_TITLE_003084_000,HD,2.0,Dolby Vision,IMF,26,True
2edc6127-721b-4961-9777-0652612add84,DP_00003,VER_TITLE_001436_003,8K,Atmos,HDR10+,MP4,46,False
54cc3957-2c1c-4f96-80fa-2dbf12526a47,DP_00003,VER_TITLE_002417_004,4K,2.0,SDR,IMF,12,True
4867484a-a87b-4833-a040-cd9d62d33adb,DP_00003,VER_TITLE_003225_003,8K,5.1,HDR10+,MP4,19,False
203c7274-eec5-48f8-99f3-c7c99ae79fa0,DP_00003,VER_TITLE_004037_001,HD,2.0,HDR10+,MXF,31,False
ff3892ed-cd4e-4ae5-a88e-de5193cf7f3b,DP_00003,VER_TITLE_001604_004,8K,Atmos,Dolby Vision,MKV,26,False
06d5dd16-a7ac-4c3d-b1ce-69fa49c5a0b3,DP_00004,VER_TITLE_000269_000,8K,7.1,HDR10,MXF,15,True
a515b012-765b-40c2-8f6c-4296592e1f08,DP_00004,VER_TITLE_002046_002,8K,5.1,HDR10+,MXF,44,True
14206b6a-03b6-430e-8fd0-97c1e8b99d23,DP_00005,VER_TITLE_000989_000,8K,5.1,HDR10+,MKV,43,True
96cb91e2-bbcc-43b3-ba8e-012528a0b7db,DP_00005,VER_TITLE_000478_001,HD,5.1,HDR10+,MXF,16,True
96881840-306b-42b7-bbbd-aa07a90cf4e1,DP_00005,VER_TITLE_000870_002,8K,5.1,HDR10+,MXF,13,False
35fd21a2-3d4b-414b-aa6b-e52b6820febd,DP_00005,VER_TITLE_001084_003,4K,Atmos,HDR10,MKV,45,True
10f08793-1115-4d2c-9ce9-1cadf6545823,DP_00005,VER_TITLE_003404_003,HD,7.1,HDR10+,MXF,29,True
c5da304d-ba01-4b68-a8b5-46917cea2e55,DP_00006,VER_TITLE_003891_001,8K,5.1,HDR10,MP4,47,True
3fc63d52-2dfa-4132-94df-5ab5d1e2b5cf,DP_00006,VER_TITLE_002185_000,HD,Atmos,HDR10,MXF,8,True
89e3b5b6-1596-43b8-8a24-17e8c51a5dbe,DP_00006,VER_TITLE_000282_005,8K,Atmos,HDR10+,MKV,45,True
46afaa51-7821-452d-b2ab-cb5602c43651,DP_00007,VER_TITLE_001825_003,8K,7.1,Dolby Vision,IMF,5,True
7a5dc8aa-1067-4534-896a-38b5e4327c3c,DP_00007,VER_TITLE_004102_003,8K,2.0,HDR10+,IMF,36,True
05bdfd1a-f322-402f-afc7-34873b367e9f,DP_00007,VER_TITLE_002409_000,HD,7.1,HDR10+,MKV,11,True
ad6e8d47-5dbb-4eec-bb81-fc9831dc2328,DP_00007,VER_TITLE_004010_002,8K,7.1,Dolby Vision,IMF,24,True
d76b9d28-eaf9-48a2-a233-17a33267e894,DP_00007,VER_TITLE_001205_000,8K,2.0,HDR10,MXF,19,True
ac24ad44-fab7-4f3b-a07d-8775f0188510,DP_00008,VER_TITLE_004170_000,4K,5.1,SDR,MKV,26,True
ed0af7c1-b766-4d00-864f-c183cc51a2db,DP_00008,VER_TITLE_002550_003,HD,Atmos,SDR,MKV,26,True
224ec15e-7e84-46c2-bfc1-a19c29a1fa11,DP_00008,VER_TITLE_003423_001,HD,2.0,HDR10+,MXF,19,False
a977adf7-1aca-4d00-a969-fa848893a4fd,DP_00008,VER_TITLE_002585_000,8K,5.1,HDR10,MKV,24,False
004a21fa-385d-42e5-b58c-359400a7b763,DP_00008,VER_TITLE_002735_000,8K,2.0,HDR10,MP4,7,True
e71f0f4f-d95d-4b23-b749-16d3f8e0062f,DP_00009,VER_TITLE_004423_003,HD,5.1,HDR10+,MP4,30,True
4e1eaa9b-58b4-4fe2-a9e8-9bafd3c2d883,DP_00009,VER_TITLE_003036_002,HD,2.0,HDR10,MP4,32,True
9ee95504-2495-45aa-8180-7885bd75f200,DP_00009,VER_TITLE_003467_003,HD,5.1,Dolby Vision,IMF,18,True
f605cc2e-2d18-4d7d-b17b-c888e05bb581,DP_00010,VER_TITLE_000140_001,4K,5.1,HDR10,IMF,32,False
db7d6f93-2c61-474c-a4fa-ddef3fafcd99,DP_00010,VER_TITLE_002615_004,8K,2.0,Dolby Vision,MKV,41,False
39b0356c-ca00-4243-890f-2f8236618926,DP_00010,VER_TITLE_004587_003,HD,5.1,HDR10,MXF,16,True
74605742-1ce3-44ec-bb32-f49d8c5baf61,DP_00011,VER_TITLE_001977_002,HD,7.1,HDR10+,MKV,42,True
6cfe5627-b90e-461a-9a94-138b2d7e1ccf,DP_00011,VER_TITLE_000203_003,HD,2.0,HDR10,MXF,11,True
6938bd0b-1584-47e4-81db-f2d114dd57e2,DP_00011,VER_TITLE_002782_005,4K,2.0,Dolby Vision,MXF,28,True
e624da90-3c93-4869-a32f-bf2b39496b40,DP_00012,VER_TITLE_002931_001,HD,Atmos,HDR10+,MP4,33,True
2e4bce97-e400-4e58-b750-8d7d495fe8c3,DP_00012,VER_TITLE_003493_002,8K,7.1,SDR,IMF,9,True
fdb74408-bb7e-46d1-a9b0-197b805acc9b,DP_00013,VER_TITLE_004276_000,8K,2.0,Dolby Vision,MKV,27,True
a1cfc99e-479d-4262-9413-29ba36206e02,DP_00013,VER_TITLE_000270_000,8K,7.1,HDR10+,IMF,13,False
457d93e1-3664-48bc-8287-4b2f908b61c7,DP_00013,VER_TITLE_001823_001,HD,2.0,Dolby Vision,IMF,26,True
1f1a2428-062e-4387-8dfc-ff567503afc8,DP_00013,VER_TITLE_003257_002,8K,2.0,SDR,MXF,22,True
0742f7de-4b19-487a-adba-51004e116889,DP_00013,VER_TITLE_003752_004,4K,Atmos,Dolby Vision,MXF,40,False
e2a57921-4ac2-497d-8d3a-aeb29d688409,DP_00013,VER_TITLE_004577_001,4K,5.1,SDR,MXF,19,False
ba871edd-5fb4-447d-afab-682f2a1b1192,DP_00014,VER_TITLE_002777_000,4K,5.1,Dolby Vision,MXF,46,True
73ef70dd-5658-4ddb-9017-0221dabb60ff,DP_00014,VER_TITLE_003688_002,8K,5.1,SDR,MKV,10,False
f298129e-db96-485e-8561-c5d52df16043,DP_00015,VER_TITLE_000570_002,HD,Atmos,HDR10+,MKV,27,False
cbf02719-1465-4ce9-b411-3fd9ecee12ac,DP_00015,VER_TITLE_002538_000,8K,5.1,Dolby Vision,MXF,6,False
22fa400f-2e32-4164-b1d0-fb675b7763f7,DP_00015,VER_TITLE_000356_004,4K,Atmos,SDR,MKV,36,False
6b56a940-1ecb-46de-ad0f-f40a26c4a21e,DP_00015,VER_TITLE_003675_000,4K,7.1,Dolby Vision,MKV,28,False
e3edc8c9-162e-40fc-9b71-6c29f58f1285,DP_00015,VER_TITLE_003096_001,HD,Atmos,SDR,MXF,6,True
ffbfc592-62a0-4d99-9ebd-b6def061189f,DP_00016,VER_TITLE_001179_001,4K,2.0,Dolby Vision,MKV,17,True
97a37ebf-d034-4e65-9eca-d766bcf05b9d,DP_00016,VER_TITLE_002473_000,4K,2.0,HDR10+,MXF,19,True
63fbe5d1-6341-4a52-b706-a881da8a0a66,DP_00016,VER_TITLE_002936_001,HD,5.1,SDR,MP4,9,False
41cd9da8-022d-4f89-93a0-3c071ba09d60,DP_00017,VER_TITLE_003283_002,8K,7.1,Dolby Vision,MXF,23,True
85f0b244-493e-4250-8fb6-640b8af3d115,DP_00017,VER_TITLE_002164_002,4K,2.0,Dolby Vision,IMF,46,False
f41f61b8-9521-4835-82f0-1b0539119dba,DP_00017,VER_TITLE_001813_000,8K,Atmos,HDR10,IMF,44,True
da130684-98c2-473f-8a6e-356e754efb35,DP_00018,VER_TITLE_000813_000,HD,7.1,Dolby Vision,MP4,13,False
b874ef11-a836-4aee-9dd0-e0fb77f791e2,DP_00018,VER_TITLE_003102_002,8K,5.1,SDR,MP4,34,False
26847632-d2fd-4607-9229-a7024fa2a69c,DP_00018,VER_TITLE_004114_003,HD,2.0,SDR,IMF,29,False
664b1ddd-1a78-4b78-a707-14c4f8b1a41e,DP_00018,VER_TITLE_003554_004,8K,Atmos,SDR,IMF,31,False
7e99f22c-99d4-4981-9f59-8bd635a40b75,DP_00018,VER_TITLE_002539_002,8K,Atmos,Dolby Vision,MKV,39,True
bd48438e-c7cf-4b9b-9967-4093848c3e43,DP_00018,VER_TITLE_000347_003,HD,5.1,HDR10+,MXF,27,True
92248f6b-b5f7-404d-ab9e-93d7969a9666,DP_00019,VER_TITLE_000761_002,8K,5.1,HDR10+,MP4,5,False
41976d4c-d70a-464a-92a3-8e7ed9382ee9,DP_00019,VER_TITLE_001055_005,4K,7.1,Dolby Vision,IMF,37,False
ff30b501-1930-4470-9c7a-fa6e193b37b0,DP_00019,VER_TITLE_004629_005,HD,Atmos,SDR,IMF,25,False
11025b6c-d091-4903-bdd7-cec29812f8a3,DP_00019,VER_TITLE_004539_001,8K,2.0,HDR10,MXF,17,True
2a92f2b0-ecac-4480-a794-9888daacbbcd,DP_00019,VER_TITLE_000900_001,HD,Atmos,Dolby Vision,MP4,6,False
a7f7bc9b-c4ae-4952-b2cd-16c932783d45,DP_00020,VER_TITLE_001243_000,4K,Atmos,Dolby Vision,MXF,20,False
7f4320f6-9834-4c35-902d-e609765c28a0,DP_00020,VER_TITLE_002399_004,HD,7.1,Dolby Vision,MP4,46,False
bb99eab4-7e82-45dc-9f67-a91ea3769de5,DP_00020,VER_TITLE_002183_002,8K,5.1,SDR,MXF,45,True
58323939-f25a-4422-8a45-adeedd7b3f9e,DP_00020,VER_TITLE_000482_001,HD,Atmos,SDR,MP4,11,True
9f544e1f-c659-4030-9895-3d46fc9ba471,DP_00020,VER_TITLE_004321_003,4K,7.1,SDR,MXF,42,False
5ea75b7a-2ae9-431d-a3bf-f40ae1f41bf1,DP_00020,VER_TITLE_003317_002,4K,7.1,SDR,MXF,14,False
078a56db-8a6e-442a-960f-0ce269e5c360,DP_00021,VER_TITLE_004180_004,4K,5.1,HDR10+,MXF,42,False
938ae5ca-4535-420f-bc56-78aac3c2df90,DP_00021,VER_TITLE_001789_001,8K,Atmos,HDR10+,IMF,32,True
50003578-36dd-4411-b148-a2f246f211f0,DP_00021,VER_TITLE_002459_001,HD,7.1,SDR,MXF,50,False
31b2493c-11dc-4bd2-a250-868448a47369,DP_00021,VER_TITLE_000906_002,4K,7.1,HDR10+,IMF,21,False
b84b84f4-2465-457b-af40-9853fca11ca5,DP_00021,VER_TITLE_003632_001,8K,Atmos,SDR,MXF,11,True
08684fe7-9c03-4eb8-885a-5de9404017ff,DP_00021,VER_TITLE_000534_003,8K,5.1,HDR10+,MKV,44,True
b0c6dcde-3b4d-45b0-a720-f950dd97df69,DP_00022,VER_TITLE_002467_004,HD,5.1,HDR10+,MXF,39,False
96c2ea58-55e4-4aee-92d9-7dde3ddbbdd8,DP_00022,VER_TITLE_001453_004,4K,Atmos,HDR10,MXF,50,False
95727a2f-7779-4d79-9086-d791b10d1deb,DP_00022,VER_TITLE_004874_001,4K,5.1,SDR,IMF,35,False
a789eb5b-ba3a-450e-97d7-b1958e41143e,DP_00022,VER_TITLE_002510_001,4K,5.1,SDR,MXF,15,True
7b03757b-c0a1-46df-8a80-aa7fe73c4574,DP_00022,VER_TITLE_004874_004,8K,2.0,HDR10+,MXF,24,False
0dbdac96-4b86-4589-b254-a38275c75036,DP_00023,VER_TITLE_001814_002,4K,2.0,Dolby Vision,MP4,14,False
37b49275-e798-4f53-93db-1b8178b6fde7,DP_00023,VER_TITLE_001409_004,4K,5.1,HDR10+,IMF,45,False
c27fe047-4a03-4681-b0df-ceeee745e6b5,DP_00024,VER_TITLE_004840_002,8K,Atmos,HDR10,MXF,34,False
126c0a08-b1c8-4ad7-9f56-ad4039607947,DP_00024,VER_TITLE_002025_001,HD,5.1,SDR,IMF,11,True
2a7eb761-4af3-48ad-bc06-c980bcfb24aa,DP_00025,VER_TITLE_002729_000,8K,2.0,HDR10,IMF,25,False
30086209-7526-48a1-b856-ff7d9456579f,DP_00025,VER_TITLE_004274_004,8K,2.0,Dolby Vision,MP4,46,True
f851815e-4312-4b37-8278-33deed1f3556,DP_00025,VER_TITLE_001344_000,8K,Atmos,HDR10+,IMF,35,True
f21c2bd9-371c-48f1-b86e-d12e7422314a,DP_00025,VER_TITLE_003603_004,8K,Atmos,SDR,MP4,45,True
9eef2c67-3ecb-4883-97fe-5e46d6e05b53,DP_00025,VER_TITLE_001802_001,HD,Atmos,SDR,MP4,11,True
e1c87b87-8313-450c-badc-f0c6f0c3fec8,DP_00025,VER_TITLE_001191_002,4K,2.0,HDR10,MP4,44,False
b0968728-4e8d-4455-9e82-547b04eaf793,DP_00026,VER_TITLE_003378_001,4K,Atmos,HDR10+,MXF,22,True
476edb45-c5c4-41f7-850f-62053dccaafa,DP_00026,VER_TITLE_004714_000,HD,2.0,HDR10,IMF,27,True
02b0faec-96c4-4fa5-bf45-1469b2c50a40,DP_00026,VER_TITLE_001741_002,4K,Atmos,Dolby Vision,IMF,50,True
158cdef2-b686-49a3-98b4-23ddfaebed0a,DP_00026,VER_TITLE_003681_002,HD,7.1,Dolby Vision,MXF,48,True
8787fba8-ec17-4c56-a9b0-563b2c61de83,DP_00026,VER_TITLE_003820_004,HD,2.0,Dolby Vision,MP4,16,True
1d6c0f44-72f0-4866-b61c-b45ba3dc118b,DP_00026,VER_TITLE_003555_001,HD,5.1,SDR,MP4,47,True
96a6b0e0-5a1d-458c-a20b-103ae45189d5,DP_00027,VER_TITLE_004573_001,4K,Atmos,SDR,IMF,8,False
ce08b7ba-b79e-4ab9-aa7d-77bf08096b46,DP_00027,VER_TITLE_004454_002,HD,5.1,HDR10+,MP4,23,True
ff464bf4-d49b-4b3e-8ec7-2ba43f5ff118,DP_00028,VER_TITLE_002069_002,HD,5.1,Dolby Vision,IMF,26,False
c50a7157-9e14-4ce6-a711-d31d33034c47,DP_00028,VER_TITLE_003327_000,8K,7.1,HDR10+,MP4,47,True
7098e175-e000-485d-9a74-0117951bdd9a,DP_00028,VER_TITLE_003170_004,8K,7.1,Dolby Vision,MKV,11,True
57ca5712-3c49-44b5-8baf-1701d2fdf4f6,DP_00028,VER_TITLE_004345_002,HD,5.1,HDR10+,MXF,21,False
3666abc6-8eda-4abd-ae3e-4917c8270957,DP_00028,VER_TITLE_004771_004,8K,2.0,HDR10,MKV,7,False
ed3c79c4-06c7-49a1-a6f2-f8882c628871,DP_00029,VER_TITLE_002023_001,8K,7.1,HDR10+,MXF,23,True
2ed50850-d480-4bdc-86f2-135d4cad1965,DP_00029,VER_TITLE_003494_002,4K,Atmos,HDR10+,IMF,38,True
2146fccb-ecd0-4b2b-b148-3e69ad762571,DP_00029,VER_TITLE_003400_003,4K,7.1,SDR,MXF,12,False
b2f60a77-209d-435a-984e-52aa1e1b0724,DP_00029,VER_TITLE_002938_003,4K,2.0,Dolby Vision,IMF,5,False
8376e156-1f39-427a-8ff3-e0cc82df4b6a,DP_00029,VER_TITLE_000797_000,8K,Atmos,SDR,MXF,22,False
e647f055-d114-41eb-9b9c-8b334c232ccd,DP_00029,VER_TITLE_001817_003,4K,2.0,Dolby Vision,MKV,39,False
cc4e8647-1f05-4a59-abcf-5332393468ae,DP_00030,VER_TITLE_001978_003,4K,7.1,HDR10,MXF,30,True
90c09a97-9998-468e-b0ed-d0acaa63856c,DP_00030,VER_TITLE_001340_003,8K,7.1,HDR10+,MXF,10,True
a069da7f-5c4e-4edd-8454-755fe5903520,DP_00030,VER_TITLE_000865_004,HD,2.0,Dolby Vision,MXF,15,False
0fcfc661-b003-4edc-9793-40ff2ae53919,DP_00031,VER_TITLE_004679_002,HD,2.0,HDR10+,MKV,11,True
57df410b-016a-4867-a1e9-398c88d9e05b,DP_00031,VER_TITLE_002042_000,HD,2.0,Dolby Vision,MKV,12,True
3fbd5d6d-8a0a-4275-aed2-277d1986afcd,DP_00031,VER_TITLE_003524_003,4K,7.1,Dolby Vision,IMF,27,False
3bdf6e9a-b4dd-4c71-b8ed-3d2baf78d846,DP_00031,VER_TITLE_004788_001,HD,5.1,HDR10,MP4,16,False
a3d41831-0c1f-461f-b623-cdaeda957d09,DP_00031,VER_TITLE_000668_002,8K,2.0,HDR10,MP4,33,True
a999575c-f118-400c-ae90-194ad7d240fe,DP_00032,VER_TITLE_002613_001,HD,2.0,HDR10,MKV,48,True
59f4b7a3-55d7-434e-b16c-d8c738c9f7fe,DP_00032,VER_TITLE_002007_000,HD,2.0,Dolby Vision,MP4,13,False
68206125-8dda-4fad-b3ef-d09d44ab62b0,DP_00033,VER_TITLE_002412_000,8K,2.0,HDR10,MP4,32,True
332f0286-ca5a-4e20-9c59-d177937c2ac5,DP_00033,VER_TITLE_001387_003,8K,2.0,SDR,MKV,18,False
df1f59a4-98c3-4014-afe4-f10792717771,DP_00033,VER_TITLE_004808_000,HD,5.1,Dolby Vision,MP4,27,False
543c6241-0829-46d1-9617-3e5bb7e9f1b6,DP_00033,VER_TITLE_004395_002,4K,2.0,HDR10+,MXF,20,False
f8bcd1d1-736b-4a84-8ea4-660fcd45aba6,DP_00034,VER_TITLE_003796_000,4K,2.0,HDR10,MXF,29,False
a1c76783-2227-4b1c-bf7f-c8a9e7196a42,DP_00034,VER_TITLE_003867_003,4K,5.1,Dolby Vision,MXF,37,True
6960f6da-e1c5-4579-be82-b4b5481bc8a2,DP_00034,VER_TITLE_000911_001,HD,7.1,Dolby Vision,MP4,9,True
ae0bcff2-e5fa-49fe-8aaa-7c034eb50587,DP_00035,VER_TITLE_004882_004,HD,Atmos,SDR,MP4,17,True
e4979cc2-8e27-4749-a89c-9c1ce8e6d43e,DP_00035,VER_TITLE_002168_001,8K,5.1,Dolby Vision,IMF,16,True
a56bfa5e-6f82-4364-ae67-4f61ecd3a7f1,DP_00035,VER_TITLE_003765_002,8K,2.0,Dolby Vision,MKV,45,True
8b779dbc-9083-419f-bebe-1d45aa88f8f9,DP_00035,VER_TITLE_004793_001,8K,Atmos,HDR10+,IMF,45,True
44ec55d3-77b6-403c-8209-bd73729779c4,DP_00035,VER_TITLE_001815_002,8K,2.0,Dolby Vision,MXF,41,False
98941f1e-c905-439e-98b5-98dc9655adde,DP_00036,VER_TITLE_004390_000,4K,2.0,HDR10,MP4,46,True
7d863f3c-2f61-48a8-aeb7-3e09a1a8e9a6,DP_00036,VER_TITLE_001496_002,4K,Atmos,HDR10,MXF,45,False
3df0c573-50e0-4ea9-b996-486c9020afdd,DP_00036,VER_TITLE_004824_004,HD,Atmos,HDR10+,MKV,17,True
b7e6e4ac-6f8a-4c1b-9723-e7fcf2124bde,DP_00036,VER_TITLE_003425_001,8K,2.0,SDR,IMF,6,False
9fcc6c7d-30dc-46b2-bed8-69cfda8f58f7,DP_00037,VER_TITLE_002415_000,4K,2.0,HDR10,MKV,14,True
9bece90c-4e8a-4954-b9d4-8d929bc68dcd,DP_00037,VER_TITLE_002813_002,HD,Atmos,Dolby Vision,MXF,16,False
a18d7596-8eed-45e5-b5d4-48777c187a89,DP_00037,VER_TITLE_004573_000,HD,2.0,HDR10,MXF,29,False
e767326c-4986-4f9c-b141-8aa21e2f1ebd,DP_00037,VER_TITLE_003137_002,HD,5.1,Dolby Vision,MKV,17,False
f46f45ec-8e97-468c-b9a8-bdbe895c9503,DP_00037,VER_TITLE_004042_001,HD,2.0,SDR,IMF,25,True
651325b8-5a5e-4e9a-b2b0-55788f40e50f,DP_00038,VER_TITLE_004524_000,4K,2.0,SDR,IMF,27,False
40fd3253-a9ad-4af4-a90c-4947c6e7a0a6,DP_00038,VER_TITLE_002416_001,4K,5.1,HDR10,MP4,36,False
72ac5f62-1ede-41a2-8303-eeccedc00ff8,DP_00038,VER_TITLE_003596_001,HD,2.0,SDR,MKV,21,False
74bc822b-dad5-475f-9e67-bae30a572dcb,DP_00038,VER_TITLE_003858_003,4K,7.1,HDR10+,IMF,5,False
9bb73dea-2e07-4857-92b5-ea07f177f4a1,DP_00038,VER_TITLE_001212_000,HD,5.1,SDR,MP4,24,False
de62a181-dd60-46c5-af7c-bcfa79da9fe0,DP_00039,VER_TITLE_002494_004,4K,Atmos,HDR10+,IMF,16,False
5affa3dc-8e86-4825-97b0-c7b3dc4ef685,DP_00039,VER_TITLE_004515_002,HD,7.1,SDR,MKV,21,False
62ff7008-fc0c-4a43-8ee0-96fd25fe7c6a,DP_00040,VER_TITLE_004371_000,HD,Atmos,HDR10,MKV,26,False
6b11b566-3302-432a-a4c9-839cb4703a1c,DP_00040,VER_TITLE_003213_000,HD,2.0,HDR10+,MXF,8,True
432d5232-d891-44d5-85dc-dc8ff3bb9f1b,DP_00040,VER_TITLE_002736_000,4K,5.1,Dolby Vision,MXF,33,False
5e4febff-c68c-4efc-b396-a571d320e546,DP_00041,VER_TITLE_000919_004,HD,Atmos,HDR10,MP4,7,True
2e167f77-2563-4b3b-83cf-a0b3fcbe3108,DP_00041,VER_TITLE_001198_002,8K,Atmos,HDR10,MXF,40,True
5fba9335-03a4-4622-b5dd-708a7615923e,DP_00042,VER_TITLE_004405_001,8K,7.1,SDR,MKV,7,True
edefffd8-5296-4e10-b7a2-869fdfc4fe52,DP_00042,VER_TITLE_003779_000,4K,2.0,HDR10,MXF,32,True
9b5e448a-d70e-4c76-9472-9455ce401f8c,DP_00042,VER_TITLE_004883_002,HD,Atmos,SDR,MXF,49,False
9541c948-1ce9-4960-a989-bde4faec1f38,DP_00042,VER_TITLE_004554_001,4K,Atmos,Dolby Vision,IMF,47,False
c4f33967-5f6d-48cb-a6bb-e5ef47f7a689,DP_00042,VER_TITLE_003921_000,HD,2.0,SDR,MXF,21,True
03b9cee1-1905-4475-b7ee-47c497c04205,DP_00043,VER_TITLE_001555_003,4K,5.1,SDR,MXF,44,True
b16af40e-94af-4497-978a-68bf9726f06c,DP_00043,VER_TITLE_000700_001,HD,5.1,HDR10,MP4,9,True
c07990b5-422d-4b10-9d59-126aa7432296,DP_00043,VER_TITLE_003665_002,8K,Atmos,Dolby Vision,MKV,20,False
69691517-8227-47d5-8577-da8791f69f7a,DP_00043,VER_TITLE_000260_004,8K,7.1,HDR10,IMF,26,False
404c5563-b468-4a9b-8b63-51d53c35a15e,DP_00043,VER_TITLE_003717_000,8K,Atmos,Dolby Vision,MKV,35,False
851a0fe1-3850-45f2-8cbd-c33e0f0bbae7,DP_00043,VER_TITLE_003581_000,HD,2.0,HDR10,IMF,42,False
b00a0684-b613-4212-8079-8749af7f26b3,DP_00044,VER_TITLE_000695_004,HD,Atmos,SDR,MKV,39,False
1c27f0a4-a9c0-483e-a16d-767f5129a2bc,DP_00044,VER_TITLE_001923_004,4K,2.0,HDR10,IMF,7,True
918650ee-6a25-485d-b862-cc0572881a19,DP_00044,VER_TITLE_002682_000,8K,7.1,Dolby Vision,MXF,43,True
cce7cbbf-d7c2-450a-8ad3-5bd14e8e6107,DP_00045,VER_TITLE_001333_001,8K,Atmos,HDR10+,MP4,42,True
3575424b-c1d1-4e44-ad4f-df714823372d,DP_00045,VER_TITLE_004914_004,HD,2.0,HDR10+,MP4,42,False
cda214ee-78ad-4235-9670-3497d3dd17b5,DP_00045,VER_TITLE_003830_000,HD,7.1,HDR10,MXF,5,True
ee88c2e9-9b9c-4753-9e31-7bbf65a1e242,DP_00045,VER_TITLE_000774_004,HD,5.1,Dolby Vision,IMF,34,True
36d42f8a-5155-4126-96c7-dae3748f1a15,DP_00045,VER_TITLE_002332_000,4K,7.1,SDR,MP4,23,False
09405746-b3f2-4a1e-8960-17a58bed8b99,DP_00046,VER_TITLE_000255_000,8K,Atmos,SDR,MP4,29,False
5ef609bc-ece2-4f28-a2c0-c6541b217333,DP_00046,VER_TITLE_000176_000,8K,7.1,Dolby Vision,IMF,15,True
e2f36758-94ad-434c-ba36-f57b2b845665,DP_00047,VER_TITLE_000937_002,8K,5.1,HDR10,MP4,21,True
94b24e33-b104-42ec-95a7-8d3711406aa9,DP_00047,VER_TITLE_001889_003,8K,Atmos,Dolby Vision,MKV,41,False
e8fc36e6-62fb-45dc-aaf8-69a1a35fb395,DP_00047,VER_TITLE_001945_000,4K,5.1,HDR10,MKV,48,True
d54bcd1f-feeb-4568-a1d3-dd95a8a561ac,DP_00047,VER_TITLE_002204_003,8K,2.0,HDR10+,MP4,20,True
354f9680-7d09-48b1-8b72-5ac618e41adc,DP_00047,VER_TITLE_000328_002,4K,2.0,HDR10+,MKV,48,False
33fdd5ff-8edf-4685-87ba-23d6a76b3f65,DP_00047,VER_TITLE_002826_003,8K,2.0,Dolby Vision,MKV,28,True
7e3b715f-9431-4556-8813-ea92f664dbbd,DP_00048,VER_TITLE_004293_001,8K,5.1,Dolby Vision,IMF,24,True
cf054b3a-d288-4f78-b5ed-55d802ad2e29,DP_00048,VER_TITLE_003516_000,8K,Atmos,Dolby Vision,MP4,31,True
bfc97715-0744-4c02-8442-fa607e57b3b9,DP_00048,VER_TITLE_002474_001,4K,7.1,HDR10+,IMF,41,False
5aafcc6c-69a0-451b-b6ae-f6668d0d4727,DP_00049,VER_TITLE_002454_002,HD,5.1,HDR10,MKV,23,False
27629b44-6976-4597-965e-110c7f10e9f3,DP_00049,VER_TITLE_001106_003,HD,7.1,SDR,IMF,21,False
bb53a57a-d484-41c7-bc36-37f1d39a8755,DP_00050,VER_TITLE_001674_002,HD,2.0,Dolby Vision,MXF,40,True
f27feade-0a06-4ab1-b9f9-b19d8ac4acf9,DP_00050,VER_TITLE_003910_000,4K,7.1,Dolby Vision,MP4,25,False
f2c0e975-0627-4a05-84e6-2198061ad1fa,DP_00050,VER_TITLE_004600_002,4K,2.0,HDR10,IMF,36,False
25fc059e-cfb9-44ea-872c-848692581191,DP_00050,VER_TITLE_004835_000,8K,Atmos,HDR10+,MKV,5,False
5ac70662-c0a1-4e60-bb7b-68838707705c,DP_00051,VER_TITLE_004633_000,8K,Atmos,HDR10+,MKV,23,True
35c2b434-eb77-42fa-8a0f-7ac9dace8b72,DP_00051,VER_TITLE_002975_003,HD,Atmos,Dolby Vision,MP4,47,False
a601db58-a34c-47c3-bafb-a9642196c619,DP_00051,VER_TITLE_000662_000,8K,Atmos,SDR,MP4,19,True
b5585573-f69d-4f7c-a3d8-ac8fd6181d58,DP_00052,VER_TITLE_000930_000,HD,2.0,HDR10+,MP4,50,False
ddda11d6-199c-4bab-9908-3a15f3245e1c,DP_00052,VER_TITLE_001281_002,HD,5.1,HDR10,MXF,50,False
425b4549-0e06-46bf-9c49-70348a17ce00,DP_00052,VER_TITLE_003127_003,4K,Atmos,HDR10+,MXF,41,True
531e9ab7-f838-4f2e-9c3b-7e93881354fc,DP_00052,VER_TITLE_004136_000,8K,5.1,Dolby Vision,MXF,50,True
ccaef30a-b324-4dd5-9bc6-9a9580434d08,DP_00052,VER_TITLE_004796_002,HD,Atmos,HDR10+,MP4,45,False
2f0ac487-1240-4552-8b1a-62f3f5589bc4,DP_00053,VER_TITLE_001725_003,8K,Atmos,Dolby Vision,IMF,50,True
b65cebdc-c837-4a61-be84-b5e8329118b3,DP_00053,VER_TITLE_001448_002,4K,5.1,SDR,MKV,12,False
12a20b78-a617-47d5-8060-e69ce9800738,DP_00053,VER_TITLE_002975_005,8K,7.1,HDR10,MKV,17,False
e6d607fb-ec7c-4406-9fb7-4797aa115e7d,DP_00053,VER_TITLE_004901_002,HD,2.0,HDR10,MKV,16,True
12089b55-a0e8-4547-bdd5-61f1b74df4cb,DP_00053,VER_TITLE_002375_000,8K,2.0,SDR,MKV,13,True
3b4edd30-f312-47b1-ac88-b19f53673d99,DP_00054,VER_TITLE_004868_000,8K,2.0,Dolby Vision,MXF,29,True
e1203c4c-55cb-41ad-8269-ea46ea134684,DP_00054,VER_TITLE_000514_000,8K,2.0,Dolby Vision,MXF,47,False
a06fc1e2-af4f-4bf3-8997-95f35a73008e,DP_00054,VER_TITLE_003878_000,HD,5.1,HDR10,MXF,25,True
5e81de8a-9685-4b37-bbef-f72638a88643,DP_00054,VER_TITLE_000937_002,HD,5.1,Dolby Vision,IMF,48,False
42727bb8-bdbe-4389-aecd-78579ee95318,DP_00055,VER_TITLE_002089_002,HD,5.1,SDR,IMF,22,False
21bcc7c7-1bf7-4bac-bb1c-4d101147a2b2,DP_00055,VER_TITLE_002775_003,4K,Atmos,HDR10,IMF,37,False
52ca345c-d21f-4da4-b03b-791caa29a632,DP_00055,VER_TITLE_001107_000,HD,2.0,SDR,MXF,49,True
9c38af72-ccbb-4682-9c40-a61ae7af9b9b,DP_00055,VER_TITLE_000324_003,4K,5.1,HDR10+,MXF,35,False
8be36e2c-a6b1-41ab-bfd8-614a8791d5b0,DP_00055,VER_TITLE_003439_001,8K,Atmos,Dolby Vision,MKV,11,True
047f2527-d8b7-4562-ba8c-5cdeaaf22fd2,DP_00055,VER_TITLE_004566_000,8K,Atmos,HDR10+,MP4,37,False
f0c02eaf-e282-4ff7-ae68-de8ac2e888d4,DP_00056,VER_TITLE_001649_003,HD,5.1,HDR10,MXF,6,False
12f57630-91a7-4d51-ae5e-4c37da60e4dc,DP_00056,VER_TITLE_001162_000,8K,7.1,SDR,MXF,43,False
46c037a1-754b-4483-9e49-fe88eb2eeee3,DP_00056,VER_TITLE_004455_000,4K,2.0,SDR,IMF,15,False
8ebef167-06ae-415b-a4eb-fe3f6c574158,DP_00056,VER_TITLE_002816_004,8K,7.1,Dolby Vision,MXF,17,False
e71a3135-4658-42ca-98e4-2afd73fd7ac1,DP_00057,VER_TITLE_001308_000,8K,Atmos,Dolby Vision,MP4,20,False
b8a69015-60e4-4051-8cf0-18e0e2dfdb4f,DP_00057,VER_TITLE_000760_001,HD,2.0,HDR10+,MXF,33,False
ae5a98dd-60ec-457a-9aa7-3f313f546b59,DP_00057,VER_TITLE_001024_002,HD,5.1,HDR10+,IMF,35,True
64f30619-18ac-418b-98d4-b272ee54c2d6,DP_00058,VER_TITLE_004539_000,8K,5.1,HDR10+,MXF,47,False
5ce7d4e1-673f-49d6-821d-0da2c3cd37b0,DP_00058,VER_TITLE_004601_000,4K,7.1,SDR,IMF,33,False
527ffe2f-d43c-49f6-88df-da2cce39aad2,DP_00058,VER_TITLE_004418_001,8K,2.0,HDR10,MP4,26,False
e9d4638f-d4b7-46a0-8e9a-b553ab788456,DP_00058,VER_TITLE_004477_002,4K,5.1,SDR,IMF,17,True
b6abfad7-2d8f-486c-a000-84ece6445069,DP_00058,VER_TITLE_003578_000,HD,Atmos,Dolby Vision,MP4,50,True
773a9d8e-b20c-4a89-a12d-2234914447df,DP_00059,VER_TITLE_001846_002,HD,Atmos,HDR10+,MP4,11,False
c339a5b7-7447-4d91-8892-be561c63c184,DP_00059,VER_TITLE_002075_001,8K,7.1,HDR10+,MP4,19,False
56241937-e7f2-42de-8a1e-a3e0567a1b0a,DP_00060,VER_TITLE_004256_001,4K,2.0,SDR,MKV,48,False
5efe0eb1-469a-4a73-a22b-ee33f5b3897c,DP_00060,VER_TITLE_001650_002,HD,2.0,SDR,MKV,18,False
393ebacc-ccc9-4994-aafd-ba698b696fd1,DP_00060,VER_TITLE_004154_000,4K,Atmos,HDR10,MKV,49,False
5f152906-553a-404c-98e9-88bfeb84e97a,DP_00060,VER_TITLE_002387_003,HD,7.1,HDR10+,IMF,19,True
ac5fbd1d-3c60-49e2-9835-9136534ad921,DP_00060,VER_TITLE_000746_000,HD,7.1,SDR,IMF,39,False
32c8f825-df9e-4381-82be-21f1c485473a,DP_00061,VER_TITLE_003779_000,8K,Atmos,HDR10,IMF,31,False
aa36e432-b5c8-4b5c-993a-507a7b7a6573,DP_00061,VER_TITLE_001103_002,HD,5.1,HDR10,IMF,42,False
d5642114-a520-4c42-b570-5e3572e465b7,DP_00061,VER_TITLE_004184_004,HD,Atmos,Dolby Vision,MXF,25,True
be32f256-088f-4620-9060-d722978490fd,DP_00061,VER_TITLE_004891_000,HD,5.1,HDR10+,MP4,46,True
def4dbb3-f004-42f3-a6ac-70dd89742486,DP_00061,VER_TITLE_000701_000,4K,5.1,SDR,MKV,12,False
716352f7-0b42-4a60-a16c-773f095b99e1,DP_00062,VER_TITLE_003306_005,8K,2.0,HDR10,MP4,48,False
10c69c0f-c985-4b9b-9ded-804b755eb04d,DP_00062,VER_TITLE_002007_000,4K,Atmos,SDR,MP4,23,False
b1c64768-bd85-4b07-beb5-bd128ac0e850,DP_00063,VER_TITLE_004664_003,4K,Atmos,SDR,MP4,9,True
6272d4e0-ada9-4faf-bd9c-86943599e97e,DP_00063,VER_TITLE_000364_002,HD,5.1,HDR10+,MXF,27,True
4b96af0c-c179-44db-979e-860651432f0e,DP_00064,VER_TITLE_000846_001,8K,5.1,SDR,MP4,24,False
843a2e7d-f790-498a-ba12-c56404570a7a,DP_00064,VER_TITLE_000392_002,4K,2.0,HDR10,MP4,30,True
ed7b7b4a-23f1-47f8-b7ba-920644753556,DP_00064,VER_TITLE_000232_002,8K,7.1,SDR,MP4,27,False
829c90b6-b386-411a-8bf0-7c8de52f2e70,DP_00064,VER_TITLE_000346_004,8K,2.0,HDR10,MKV,18,False
c78ac5cc-c8a7-4548-b2d2-17bc3c00ebde,DP_00064,VER_TITLE_000137_003,4K,2.0,SDR,IMF,35,True
f9545db4-7920-4a1d-a72b-4afa06a5eb06,DP_00065,VER_TITLE_002536_003,8K,5.1,HDR10,IMF,42,True
c5b7419e-be0d-48f1-87d5-6e9a4f055711,DP_00065,VER_TITLE_003007_001,4K,5.1,HDR10+,IMF,50,True
03c45cec-2d08-4c93-a002-bfb079e3122d,DP_00065,VER_TITLE_000182_005,HD,Atmos,HDR10,MXF,48,False
ea2f039f-3a27-4071-9cbe-cf43492f54ef,DP_00066,VER_TITLE_003283_000,HD,2.0,SDR,MP4,9,False
2e079cc6-67b0-46e3-938c-3f68135a2a22,DP_00066,VER_TITLE_001148_004,HD,5.1,HDR10+,IMF,20,True
a5032df7-e837-4108-b53b-35e85c6c6bb3,DP_00066,VER_TITLE_004527_004,8K,2.0,SDR,MKV,6,False
c6904026-f9cb-48f0-8b7c-d09e64b79e57,DP_00066,VER_TITLE_003623_000,HD,2.0,Dolby Vision,IMF,32,False
8cf81ccb-36c1-4b25-a344-0fc4cca9adbe,DP_00066,VER_TITLE_001676_001,8K,Atmos,Dolby Vision,MKV,18,True
3f7ad91d-f709-4a83-8c26-9eaaff606c04,DP_00067,VER_TITLE_002299_003,HD,2.0,Dolby Vision,MXF,29,True
239ba70c-5fc5-47d1-afba-825a790fd11b,DP_00067,VER_TITLE_001302_002,4K,5.1,HDR10,IMF,25,True
16954277-e326-4562-8714-a8e7be5b54da,DP_00067,VER_TITLE_001262_001,HD,Atmos,Dolby Vision,MP4,12,False
3b2a1edc-fcfb-4c3f-9275-dd6b2e41b6f0,DP_00067,VER_TITLE_004058_001,4K,Atmos,HDR10+,MXF,32,False
aa826f76-919f-4514-8659-f7ce8782b2ce,DP_00068,VER_TITLE_004087_003,HD,2.0,HDR10+,MXF,14,False
7be7fb6a-5089-4de1-8b9a-648a43b5aa2a,DP_00068,VER_TITLE_001473_002,8K,7.1,HDR10,MXF,25,False
a7698a88-7a91-4b56-ae95-281264f36f10,DP_00068,VER_TITLE_001316_005,4K,Atmos,HDR10+,MKV,18,True
7a931978-f8dd-4a81-bba2-1c87d4d0d8fd,DP_00068,VER_TITLE_000764_001,4K,Atmos,SDR,MP4,7,True
7e1b8366-ea8a-4ff6-8d9b-71f7565d1478,DP_00068,VER_TITLE_000683_000,8K,2.0,SDR,IMF,31,False
fe814602-90b1-4a41-9f52-71cb45e9b205,DP_00069,VER_TITLE_001674_003,HD,Atmos,SDR,MP4,45,False
67a5b56f-2f3b-4397-9585-1c7df99e1f2e,DP_00069,VER_TITLE_002336_000,4K,5.1,HDR10,MP4,48,False
819a5265-5de7-411a-968c-fcad1cf2569e,DP_00070,VER_TITLE_002214_001,HD,Atmos,Dolby Vision,MXF,38,False
bd38fcbe-158e-459a-b27c-bddeaae3552c,DP_00070,VER_TITLE_001122_000,HD,5.1,HDR10,MKV,10,True
40cf35ea-53b2-483a-8aea-65fde7833094,DP_00070,VER_TITLE_002543_003,8K,2.0,SDR,MP4,24,False
78433f37-48ce-4a1e-ab03-ed9a9a618432,DP_00070,VER_TITLE_002104_002,8K,7.1,SDR,MKV,18,False
70e78368-2945-49e3-b737-ac4daa4f8660,DP_00070,VER_TITLE_004108_000,4K,Atmos,SDR,MP4,8,True
16535364-3f4c-4161-af6f-9c92a431f1d9,DP_00071,VER_TITLE_002523_000,HD,7.1,HDR10,MKV,21,True
bce095b3-6a03-4449-9649-d509430eca1b,DP_00071,VER_TITLE_003083_000,4K,2.0,Dolby Vision,MKV,45,False
406f66bf-591c-4759-b86e-1184d8f74bc5,DP_00071,VER_TITLE_004467_001,8K,Atmos,HDR10,MXF,14,False
5ff338a9-a5d1-4faa-a1dd-dfea6c793299,DP_00071,VER_TITLE_004630_000,8K,7.1,HDR10+,IMF,41,False
69e896d7-59f8-4311-8890-a1f79e22579e,DP_00071,VER_TITLE_001821_000,HD,2.0,HDR10+,MKV,47,False
554557a9-c9f7-4708-8196-f61bba16cbd1,DP_00072,VER_TITLE_004730_004,8K,5.1,Dolby Vision,MP4,19,True
abe70499-37e8-4295-a977-67163d2b2ad0,DP_00072,VER_TITLE_004771_003,8K,5.1,HDR10+,IMF,38,False
193a1245-5eeb-4df8-b9c4-14ce37d101d9,DP_00072,VER_TITLE_003342_001,HD,5.1,SDR,MP4,26,True
59a8852a-2c87-4a1f-9d8b-26701a5c98b5,DP_00072,VER_TITLE_003508_004,8K,7.1,HDR10+,MXF,25,False
a71314cc-e2e3-428b-902a-a89e0255ab77,DP_00072,VER_TITLE_003822_004,8K,5.1,Dolby Vision,IMF,27,False
dc88405b-cb71-484d-b6bc-7ea7b004a4fd,DP_00072,VER_TITLE_004068_002,8K,Atmos,HDR10,MP4,32,False
a1da2287-50c4-4d3e-94ec-124a5bc81f54,DP_00073,VER_TITLE_001064_000,4K,7.1,HDR10+,MP4,24,True
15226d37-3a22-4adc-9166-1e0268315aad,DP_00073,VER_TITLE_002502_004,HD,Atmos,HDR10,MKV,48,True
2c4028f6-34ea-4e2b-bd0e-25c94dbe0a31,DP_00073,VER_TITLE_002287_001,HD,Atmos,HDR10,MP4,34,False
b4db5bbd-84e3-461f-8a57-091e73d4ba67,DP_00074,VER_TITLE_004885_001,8K,5.1,HDR10,MXF,41,True
75f0a67c-5220-4008-a089-bdedc9c1202a,DP_00074,VER_TITLE_003711_000,8K,5.1,SDR,MP4,40,False
e44f0586-3a0b-456c-9920-81ed8216ff30,DP_00074,VER_TITLE_000253_000,8K,7.1,HDR10,MP4,47,True
b68ada64-980b-4564-9e60-edb165577813,DP_00074,VER_TITLE_000078_004,8K,2.0,HDR10+,MXF,17,False
65f045d2-7dea-493d-94e3-fc49e50ffcc7,DP_00075,VER_TITLE_002898_004,8K,Atmos,HDR10,MXF,49,False
7b24cc5c-997b-45ea-a72e-cb08c4500a80,DP_00075,VER_TITLE_001394_001,HD,7.1,HDR10+,MP4,28,False
58fe8bf3-e8df-4edf-829a-006c86d5febd,DP_00075,VER_TITLE_003363_002,4K,2.0,HDR10,MP4,40,True
cbe38751-01a7-4474-a92f-8cddc445f660,DP_00075,VER_TITLE_000793_001,4K,7.1,HDR10,MP4,23,True
23d07a1a-5a16-4af7-aad9-463692fb5ef4,DP_00075,VER_TITLE_004297_002,HD,5.1,Dolby Vision,IMF,5,True
9db63868-5648-428d-bb03-bf3b60e7e38d,DP_00076,VER_TITLE_002308_001,8K,5.1,HDR10+,MKV,19,True
dcc2a084-5557-45fe-9b90-3fd7483bd7a1,DP_00076,VER_TITLE_003857_000,4K,7.1,HDR10,MXF,16,False
2cac2e59-8680-460b-8e55-0bc309710796,DP_00076,VER_TITLE_003728_005,HD,7.1,HDR10,MP4,47,True
7d722100-6a3b-4689-91df-5e9eaea1cf4b,DP_00076,VER_TITLE_001854_002,8K,7.1,Dolby Vision,MXF,26,False
e26fbf96-d2bb-442e-9855-3510df9f8a2d,DP_00076,VER_TITLE_000773_003,HD,5.1,SDR,IMF,44,False
75c99d96-4af0-4acb-b930-0020c8eac309,DP_00077,VER_TITLE_003023_001,4K,5.1,SDR,MP4,34,False
40467c4f-1d90-4b3b-907b-b005be729384,DP_00077,VER_TITLE_000904_001,4K,Atmos,SDR,MKV,50,False
dc8a93d5-cfea-48cb-8180-70baa9020246,DP_00077,VER_TITLE_003775_002,HD,5.1,Dolby Vision,MKV,10,True
eccba781-e606-4e04-a73a-68a162369f36,DP_00077,VER_TITLE_000515_003,4K,5.1,HDR10+,MKV,15,True
435f6bef-82f6-4e9e-9068-22dc41a408a7,DP_00078,VER_TITLE_003924_000,4K,Atmos,SDR,IMF,17,False
93251220-7626-4b73-b88c-7c09644b9d68,DP_00078,VER_TITLE_004095_001,8K,5.1,Dolby Vision,IMF,50,True
c8e41913-d082-4860-9fa4-fecdc20ca001,DP_00078,VER_TITLE_003547_000,HD,Atmos,HDR10+,MKV,27,True
3837b45e-bd9f-4243-b568-8b0b86171de2,DP_00078,VER_TITLE_004756_001,4K,7.1,Dolby Vision,MP4,17,False
51d2fa7d-dba9-4f41-95d0-2b0e31a9279d,DP_00078,VER_TITLE_003076_003,HD,Atmos,HDR10+,MXF,24,False
32486bb6-9bd6-4488-a726-fc14073de67e,DP_00078,VER_TITLE_000776_003,HD,7.1,SDR,MKV,10,False
7e16aa1b-b370-4565-a5e1-accf9ad79a34,DP_00079,VER_TITLE_001942_001,HD,5.1,HDR10,MP4,7,True
bd24f981-a8bb-4839-80d2-46bdf3e45ee9,DP_00079,VER_TITLE_002499_003,HD,2.0,HDR10,MKV,11,True
a69d0e42-7310-4e3c-a035-f69a1602613f,DP_00079,VER_TITLE_003344_000,HD,2.0,Dolby Vision,IMF,25,True
4a3d50cc-c68f-463b-a8bf-bbe03026b983,DP_00079,VER_TITLE_002173_000,8K,2.0,HDR10+,MKV,19,True
b6074b29-6273-4df8-b49f-93f493d8059f,DP_00079,VER_TITLE_000292_002,8K,2.0,HDR10+,IMF,19,True
f3fea238-8311-43e1-bd8a-f133fd2ee019,DP_00080,VER_TITLE_002568_001,4K,2.0,SDR,MXF,36,True
2ae9c13d-0eea-42ae-b4b1-aebb86073e02,DP_00080,VER_TITLE_000280_004,HD,7.1,SDR,MP4,45,False
3207141d-e4f4-44f3-b6ad-0957f8340fd4,DP_00080,VER_TITLE_003003_000,HD,2.0,HDR10+,MKV,43,True
c805ab90-7141-4117-9fb8-988eecb170ba,DP_00081,VER_TITLE_003202_002,4K,2.0,Dolby Vision,MXF,42,False
37bb97f2-d1c1-40e4-bd2e-a56ec451a7a1,DP_00081,VER_TITLE_001579_000,8K,5.1,Dolby Vision,MP4,32,True
62b63a0e-1af7-4593-a5e2-b40c81c97a9b,DP_00081,VER_TITLE_001388_002,4K,5.1,SDR,MP4,40,True
7ec4a4b6-7f63-4f39-ba4a-23c26c916a20,DP_00082,VER_TITLE_002869_000,4K,Atmos,Dolby Vision,IMF,26,False
98dc75d9-abe8-48a3-97ee-f7bbdb905bdc,DP_00082,VER_TITLE_004907_002,HD,Atmos,HDR10,MP4,46,True
1b4bb60f-7fc6-4c5d-90b1-47bb329e6de2,DP_00082,VER_TITLE_002603_002,4K,7.1,HDR10+,MKV,15,False
08ae2f9f-a59b-48f8-bbfa-d7f78eed7993,DP_00082,VER_TITLE_004320_003,8K,Atmos,HDR10+,MXF,36,False
5a1ba60f-cede-4677-8bc3-c8c195602c11,DP_00082,VER_TITLE_004018_003,HD,5.1,SDR,MP4,46,False
0915f1f9-3769-4b84-8583-fae996947342,DP_00083,VER_TITLE_004297_000,8K,5.1,Dolby Vision,MP4,13,True
52184fc4-4c54-42ea-a155-1c6dac253cee,DP_00083,VER_TITLE_003065_003,4K,5.1,HDR10,MKV,10,False
999c5a88-4f20-4a79-aade-704b05d4a71b,DP_00083,VER_TITLE_001619_005,8K,5.1,HDR10+,MKV,7,True
429e6969-810d-4b73-b104-6dcc69aa09c2,DP_00084,VER_TITLE_001349_002,8K,5.1,SDR,IMF,21,True
2c3ce654-c4ad-4bad-9f7c-b0b64e535acf,DP_00084,VER_TITLE_003670_000,8K,7.1,SDR,IMF,47,True
54ad1a44-83ee-4252-b74c-274990de0247,DP_00085,VER_TITLE_003320_000,8K,2.0,HDR10,MXF,45,False
7af8392f-9814-4852-8c51-4ef6cb8fa5fd,DP_00085,VER_TITLE_003975_001,4K,5.1,HDR10+,MKV,32,False
4e678cb7-ecfb-4ab6-b630-3fd2f19ca92f,DP_00085,VER_TITLE_004490_002,8K,2.0,SDR,MP4,27,True
a54ae1ae-07a4-4ebf-9dee-c077f3c6c039,DP_00085,VER_TITLE_000966_000,HD,5.1,HDR10,MP4,47,True
f4d5c2de-0b4e-46a4-a334-23866128fe3b,DP_00086,VER_TITLE_000684_000,4K,2.0,SDR,MKV,14,True
c2fff126-21d0-442d-b06d-eb0bfbad1cf5,DP_00086,VER_TITLE_004000_001,4K,7.1,Dolby Vision,IMF,25,False
eb83b5ea-75cc-4991-b834-1d787390978d,DP_00087,VER_TITLE_000083_005,HD,7.1,SDR,MKV,32,True
e0b7f524-b086-4eb1-be7e-3f97735d7ca4,DP_00087,VER_TITLE_004772_000,8K,2.0,HDR10,MXF,12,True
3cf9b6ec-6289-4c8e-9689-3a3af286c849,DP_00087,VER_TITLE_004617_002,8K,2.0,HDR10,MXF,40,False
307a5c12-77f6-41dc-938d-9d87b5931b3d,DP_00087,VER_TITLE_003438_003,HD,5.1,SDR,MKV,13,False
b2aebc16-e41a-44d4-abe2-46fe83d856ae,DP_00088,VER_TITLE_002590_001,4K,Atmos,SDR,IMF,22,False
bde9426a-40fc-424d-b455-545a433558cc,DP_00088,VER_TITLE_002639_004,8K,5.1,HDR10+,MP4,39,True
f50ecab9-99cb-4eb0-a057-e8573fb63d7e,DP_00088,VER_TITLE_003170_002,8K,2.0,SDR,MXF,16,True
1df0c71b-be24-4c27-baa9-203ccf6bdbcc,DP_00088,VER_TITLE_004057_004,4K,7.1,HDR10+,MXF,22,True
1b3fe53e-4e35-4772-966a-07b82ae33288,DP_00089,VER_TITLE_004350_002,4K,Atmos,Dolby Vision,MXF,26,False
bd869f88-a38a-434e-95aa-f9abaafbdcd4,DP_00089,VER_TITLE_001952_001,4K,7.1,HDR10+,IMF,6,False
052d5b00-f7bd-4beb-83fd-168ca5bdc5b9,DP_00090,VER_TITLE_000896_002,HD,Atmos,HDR10+,MKV,9,True
e9976747-a0b1-44aa-97b3-1ed0e38f3e53,DP_00090,VER_TITLE_001496_000,HD,7.1,HDR10,MKV,16,False
0790d35b-fe6d-43fd-84f4-eae4d63892b0,DP_00090,VER_TITLE_003711_003,4K,2.0,HDR10,MP4,38,False
60799bac-fb63-46a6-96cb-e122f1497f34,DP_00090,VER_TITLE_001874_001,HD,2.0,Dolby Vision,MP4,9,True
68816c13-2a47-489e-9fe0-79a18c8e9dc9,DP_00090,VER_TITLE_002661_001,HD,Atmos,SDR,MKV,38,True
d2b80a7f-8b19-472b-9517-6b8d29a7f4a3,DP_00091,VER_TITLE_004857_001,4K,7.1,Dolby Vision,MKV,36,True
1b457c82-d8e9-4995-89cc-5eaec49df68a,DP_00091,VER_TITLE_004600_002,4K,Atmos,SDR,MP4,42,True
4af92393-717a-4a42-bf49-d442d21bce34,DP_00091,VER_TITLE_001382_003,8K,Atmos,HDR10,MKV,48,False
54fa721c-a322-4914-be32-cb4bdb781877,DP_00091,VER_TITLE_002420_001,4K,5.1,SDR,MXF,7,True
bbeeb4d9-a13a-40d1-bd70-5e3807602989,DP_00091,VER_TITLE_000436_002,4K,2.0,Dolby Vision,IMF,44,True
7ab5649a-cb40-409a-be89-2908eff9cc2d,DP_00091,VER_TITLE_003447_002,8K,5.1,HDR10,MXF,17,True
24101e96-4ca5-49f1-bbef-e44977bd697d,DP_00092,VER_TITLE_004766_005,4K,5.1,Dolby Vision,MKV,20,False
2d13b488-1c45-45b0-b6f7-0a09df4e70fa,DP_00092,VER_TITLE_003765_003,8K,Atmos,Dolby Vision,IMF,18,True
9802a98f-89a4-4eb9-bef3-e8498b1d0869,DP_00092,VER_TITLE_001803_002,8K,Atmos,HDR10+,MP4,7,True
a5b117c2-6313-4871-a7a0-e1db819775c4,DP_00092,VER_TITLE_001506_001,8K,7.1,Dolby Vision,IMF,7,False
46490fbe-0554-468b-8687-1065f2659523,DP_00092,VER_TITLE_003753_002,8K,5.1,SDR,MKV,40,True
32accbda-f802-4c40-931a-305eab486ad7,DP_00092,VER_TITLE_000711_002,8K,Atmos,HDR10,MXF,20,False
4679caff-6f02-40a9-a12b-7584a925c428,DP_00093,VER_TITLE_000876_004,4K,Atmos,SDR,MKV,20,True
5ed2e4af-2162-4d3e-94e6-71605bb5c91b,DP_00093,VER_TITLE_000341_003,HD,Atmos,HDR10+,IMF,14,False
6ba3a168-b822-420f-95cd-1d411b20de25,DP_00093,VER_TITLE_004209_000,HD,Atmos,HDR10,MP4,17,True
8c140524-7500-4aec-8d45-a126e23363be,DP_00093,VER_TITLE_003712_001,8K,2.0,SDR,MXF,31,True
0f6d2d69-1251-4b45-815b-c711c857c8ae,DP_00093,VER_TITLE_003074_001,8K,2.0,HDR10,IMF,20,True
6deeb8de-ee27-4de9-a06d-2823352cd12b,DP_00093,VER_TITLE_003728_001,HD,Atmos,HDR10+,MKV,44,False
4719b91f-fc03-441f-a5a2-7722216710a7,DP_00094,VER_TITLE_004443_000,HD,2.0,Dolby Vision,MXF,11,True
b0aac497-bb3c-473e-99a9-c0a3f283511c,DP_00094,VER_TITLE_000155_000,8K,Atmos,HDR10+,MP4,15,True
7c211462-3034-435f-97e6-29b2f89c0f31,DP_00095,VER_TITLE_003259_001,4K,2.0,SDR,MKV,46,False
17abefb8-7b31-4022-8c05-d0c74af15475,DP_00095,VER_TITLE_000550_005,4K,7.1,HDR10+,MP4,34,True
7902242c-810b-417d-afc1-a84f726dafa2,DP_00095,VER_TITLE_000856_001,8K,7.1,HDR10,IMF,8,False
85ebe6c0-6e77-4b36-b898-1733025923c7,DP_00095,VER_TITLE_002841_000,8K,2.0,Dolby Vision,MP4,47,False
f665f057-3a12-413c-a71b-7387775c1ece,DP_00096,VER_TITLE_003275_001,4K,Atmos,HDR10+,MP4,40,True
34c8d65c-562b-4ea9-92cd-755c7fb24400,DP_00096,VER_TITLE_001723_002,4K,7.1,HDR10,IMF,42,True
b8c3abd3-4aec-4026-a408-7cc69f56dae3,DP_00096,VER_TITLE_001478_003,4K,5.1,HDR10+,MXF,7,True
b11a7272-7cfe-465a-bd38-61e111551ad5,DP_00096,VER_TITLE_000762_002,4K,5.1,HDR10,MP4,30,True
7d32c727-f415-4033-b5b4-14c1bc3b13c3,DP_00097,VER_TITLE_003893_000,HD,5.1,SDR,MXF,18,False
6b4f8000-43fb-43fa-b4bb-acd91b266465,DP_00097,VER_TITLE_000527_000,HD,2.0,HDR10,MXF,39,True
0bff2b52-6603-4a14-8ac5-24c4fb0a1e2c,DP_00097,VER_TITLE_003065_001,4K,7.1,Dolby Vision,MXF,9,False
398fea02-3142-46f4-8392-4a66f162c92d,DP_00097,VER_TITLE_000599_004,8K,2.0,HDR10+,MP4,29,False
7ba1573a-6783-43f7-9229-6a0134f12cdc,DP_00097,VER_TITLE_002727_001,8K,5.1,HDR10,MXF,14,False
b6ccabfc-dce2-434b-b37e-3acdba7f4335,DP_00097,VER_TITLE_000348_002,8K,5.1,HDR10,MKV,24,False
d66ae32a-33c2-41a0-8d1b-ab4413a00216,DP_00098,VER_TITLE_002625_000,8K,5.1,HDR10+,MXF,6,True
3855f93b-5553-4eb4-b0f3-5663e98b5c31,DP_00098,VER_TITLE_002952_003,HD,5.1,Dolby Vision,IMF,33,True
5d87de26-1b42-4a99-bc30-a7bcb29843c0,DP_00098,VER_TITLE_004608_000,HD,7.1,SDR,IMF,14,True
02acf90a-7b6d-4748-8cb8-594b1dfeed29,DP_00099,VER_TITLE_004492_003,4K,5.1,SDR,MP4,10,True
3dee1c2e-d98f-4925-8e09-6daf2672b276,DP_00099,VER_TITLE_002628_002,4K,Atmos,HDR10+,IMF,8,False
dc2f3320-da69-44e3-8fb6-cb4d339d5ddd,DP_00099,VER_TITLE_002182_003,4K,Atmos,HDR10,MP4,43,False
efabf060-0f3a-4d77-a6c2-dbc1cc0bd9f8,DP_00099,VER_TITLE_003883_000,HD,7.1,Dolby Vision,MKV,25,True
89ae4db0-55e8-47ca-8c8d-fa68756da28e,DP_00099,VER_TITLE_000419_004,HD,7.1,HDR10+,MP4,43,False
a2f02f76-772e-4d65-98e9-479f782ba0cc,DP_00100,VER_TITLE_001466_000,8K,2.0,Dolby Vision,MKV,18,False
6696ce19-8b34-49e0-b5f0-ed13904483dd,DP_00100,VER_TITLE_001738_004,8K,5.1,HDR10,MXF,50,False
e6b8e2c9-1092-4db2-8cc7-6a3fe4825837,DP_00100,VER_TITLE_004793_002,4K,2.0,SDR,IMF,20,False
54f7309f-16c0-4488-b938-d3bbb86612f1,DP_00100,VER_TITLE_004928_002,8K,2.0,HDR10+,MXF,16,True
4ca0bc13-67fc-4bdb-beea-3d21b1ccee86,DP_00100,VER_TITLE_000402_004,4K,5.1,Dolby Vision,MKV,16,True
5f9b76f7-91be-4e07-b774-b62a77d396b3,DP_00100,VER_TITLE_001755_001,8K,7.1,SDR,IMF,17,False
a85969ff-bbe4-41eb-816a-1c64e51744f3,DP_00101,VER_TITLE_003224_003,8K,7.1,SDR,MXF,6,True
3f934d31-9be0-4f8d-9a21-41ac2db887b2,DP_00101,VER_TITLE_002823_003,4K,Atmos,SDR,MP4,31,False
c27d3032-9184-4d7f-a421-1a17a707aa5c,DP_00101,VER_TITLE_004796_004,HD,2.0,HDR10,IMF,7,False
9f92a5a2-54f2-4c58-a7ab-6de85b9058c3,DP_00101,VER_TITLE_004486_001,4K,5.1,HDR10,IMF,5,False
ab8c7732-4930-426a-bf99-0e607917dc76,DP_00101,VER_TITLE_000531_003,8K,7.1,SDR,MKV,17,False
b78b06ea-9176-4b34-bf66-b000e542429c,DP_00101,VER_TITLE_003369_005,4K,Atmos,HDR10+,MP4,24,True
af9f069f-9936-4eb8-bb11-8feaf9d0df96,DP_00102,VER_TITLE_002067_000,HD,7.1,HDR10+,IMF,43,True
0c80cd2b-2100-4c2b-8377-50a274468c4c,DP_00102,VER_TITLE_002062_001,4K,2.0,HDR10,MP4,30,True
c2684c22-8c3f-4e38-b2b9-2f7ac2ffed79,DP_00102,VER_TITLE_003729_000,4K,2.0,HDR10+,MKV,39,False
3990f3aa-a6d4-4f21-9847-9aa57f1eb12d,DP_00102,VER_TITLE_001837_001,8K,2.0,HDR10+,MXF,14,True
9b3850a6-2f43-4f7d-a6f5-9cb8a3cb4616,DP_00102,VER_TITLE_001289_002,8K,Atmos,HDR10,MP4,21,True
0cc65e33-d86c-408f-800e-33fb1acbde18,DP_00103,VER_TITLE_001848_001,HD,7.1,HDR10,MP4,14,False
f92dbd39-57c5-4392-9794-f769d38a5e83,DP_00103,VER_TITLE_002484_001,8K,5.1,Dolby Vision,MXF,31,True
4d35168f-06e7-40fc-a8ce-0acf827cbeb4,DP_00104,VER_TITLE_003775_002,4K,Atmos,SDR,MKV,40,False
11f36771-6874-4388-a68c-5d429f51f4dc,DP_00104,VER_TITLE_002342_004,4K,7.1,HDR10,IMF,42,True
419c31ec-66dd-4f92-ba43-10f3fd21cff7,DP_00105,VER_TITLE_004799_003,4K,2.0,SDR,MP4,9,False
c14dd11a-3245-41fd-8be5-7f970c1d36b7,DP_00105,VER_TITLE_000666_004,4K,2.0,Dolby Vision,MKV,46,True
01eb1b40-a625-488c-94f1-6399dedb198f,DP_00105,VER_TITLE_003959_002,8K,2.0,HDR10+,MXF,24,True
04e2ec22-17b8-468a-aba7-21dda5235b36,DP_00105,VER_TITLE_003821_002,HD,2.0,HDR10+,MKV,37,True
729997b6-709e-4429-a332-a9fdbd85422d,DP_00105,VER_TITLE_000953_003,4K,5.1,HDR10,MP4,50,False
720086e9-b16f-49b3-89eb-4ba0fe8daa5a,DP_00105,VER_TITLE_002985_003,HD,Atmos,SDR,MXF,32,False
3e6acd56-0dad-4fc4-8af2-5fb3c9ce3796,DP_00106,VER_TITLE_002267_002,4K,Atmos,SDR,MP4,18,True
d90070c7-1ba4-4e76-b674-0f0a4b6d633a,DP_00106,VER_TITLE_000597_001,HD,Atmos,HDR10,MKV,35,False
fe027cc4-4f40-4ecf-8f5f-ae0a4c934326,DP_00106,VER_TITLE_003063_003,4K,Atmos,Dolby Vision,MKV,22,True
690bcb86-8ef4-4ad0-98f0-cc5bdad28804,DP_00107,VER_TITLE_000479_002,8K,2.0,SDR,MKV,28,True
08a305a4-d63b-452e-9af8-0e271d22526d,DP_00107,VER_TITLE_003403_003,HD,7.1,HDR10+,MXF,31,False
d1ae41ad-bdb5-478d-919c-8bedae40597b,DP_00108,VER_TITLE_004695_002,HD,Atmos,SDR,IMF,26,True
224b7b99-fa8f-4b72-80a0-3e66d7143358,DP_00108,VER_TITLE_001852_001,8K,7.1,HDR10,MXF,24,True
59c8c138-7494-4672-944b-f7a203747455,DP_00108,VER_TITLE_004173_003,4K,7.1,HDR10+,MKV,47,True
4604928f-66d0-4818-82de-f5b4533055a9,DP_00108,VER_TITLE_001610_001,4K,7.1,HDR10+,MKV,28,False
34e4c4cd-cfcc-4a2f-a634-1ebf3a7c7493,DP_00109,VER_TITLE_001865_005,8K,5.1,SDR,MKV,5,True
c7693a30-2061-4b3d-9f1c-c87a320d0dbf,DP_00109,VER_TITLE_000948_001,4K,5.1,SDR,MKV,28,True
aab4c151-8673-45e4-99de-eeb6d2742aa9,DP_00109,VER_TITLE_000699_003,HD,5.1,SDR,MXF,33,True
43551274-25f9-45b0-a196-88721ea7a427,DP_00110,VER_TITLE_002905_004,4K,Atmos,Dolby Vision,MXF,33,False
68757eda-4afd-49c1-a83f-dcd43e167596,DP_00110,VER_TITLE_001914_002,8K,7.1,HDR10,MKV,46,True
0d68f5c4-866e-44f4-ae8b-44a39de36ffa,DP_00110,VER_TITLE_003064_003,8K,Atmos,Dolby Vision,MKV,23,True
c1ce8309-59a0-485b-a3ff-b9d3e77d6c8f,DP_00110,VER_TITLE_000575_000,HD,Atmos,Dolby Vision,IMF,24,False
1945c0e4-5a40-4140-a2ec-1441acabe9f0,DP_00110,VER_TITLE_000507_002,HD,5.1,HDR10+,MXF,49,True
d6f38a26-5b95-4749-85f5-504e84d4686a,DP_00110,VER_TITLE_000272_000,HD,Atmos,HDR10,IMF,34,False
e341a77e-492d-4d11-b7c0-3ac13f4d3d9e,DP_00111,VER_TITLE_004597_003,HD,2.0,HDR10+,MKV,40,True
54828263-71f5-4e82-8019-964280d0657d,DP_00111,VER_TITLE_004877_000,4K,7.1,Dolby Vision,MXF,15,True
41ab4674-9e63-4917-8a7f-92bd9786d3a7,DP_00111,VER_TITLE_003606_002,HD,5.1,HDR10+,MKV,23,True
415ceee1-6ba5-4fb1-9d63-9796e787dbd0,DP_00111,VER_TITLE_004114_004,4K,7.1,SDR,MP4,45,False
1968c696-370d-4ff1-be93-3827fe07405e,DP_00112,VER_TITLE_004225_002,4K,7.1,Dolby Vision,MKV,34,True
e225749b-47fe-4973-bdb8-f5ee242603c8,DP_00112,VER_TITLE_004056_002,4K,5.1,HDR10+,MXF,34,False
a0df9e0e-c054-449b-8792-2121741e2160,DP_00112,VER_TITLE_001418_000,4K,Atmos,Dolby Vision,MP4,11,False
cab8d4fd-91b4-4932-a18a-370a908c8520,DP_00112,VER_TITLE_000634_002,HD,7.1,HDR10+,MKV,36,False
7b06c21e-271b-49ae-8a43-d557363b42aa,DP_00112,VER_TITLE_002535_000,4K,2.0,Dolby Vision,MP4,42,False
525f8eb1-7770-46c5-a81a-15e48dbfcbd8,DP_00112,VER_TITLE_001877_000,4K,5.1,HDR10+,MXF,8,True
441a75cf-cc0e-4b50-b5c4-576dd6b35c09,DP_00113,VER_TITLE_004054_000,8K,Atmos,Dolby Vision,IMF,33,False
d3ff270d-6345-4991-8a25-44eaea2add6e,DP_00113,VER_TITLE_001240_001,8K,2.0,SDR,IMF,8,True
3a725be1-6c7f-418e-81b5-c8fd797befd0,DP_00113,VER_TITLE_004955_000,4K,7.1,SDR,MXF,37,True
21de7b4d-b4b5-4639-843b-50222d640e5c,DP_00113,VER_TITLE_004883_003,4K,5.1,HDR10+,MP4,20,False
b5ef7d9b-196c-40cb-8021-67b4bfdd0fd2,DP_00113,VER_TITLE_000572_001,4K,5.1,Dolby Vision,IMF,25,False
f88ee5e3-9b60-4303-bf0e-d6f5226fd264,DP_00113,VER_TITLE_000756_004,HD,7.1,Dolby Vision,IMF,29,False
42b53df0-7e5d-48e7-8076-063608b6f8b4,DP_00114,VER_TITLE_002316_003,4K,2.0,Dolby Vision,IMF,46,False
f8e55c11-4231-496a-aae7-d8ae325c733e,DP_00114,VER_TITLE_004692_003,8K,Atmos,SDR,IMF,9,False
2df3140d-a88f-4ba4-b88f-1e8ed5648cf3,DP_00114,VER_TITLE_003946_004,4K,7.1,HDR10+,MXF,5,True
12f96235-e8d6-4b1a-b1be-f051b1610d4d,DP_00114,VER_TITLE_002241_001,8K,7.1,HDR10+,MP4,40,True
32c49b9c-1f34-4bfc-8fd8-3651310eb080,DP_00115,VER_TITLE_003978_000,8K,2.0,SDR,MKV,5,False
e75e4010-bb18-4b29-889f-4af981b7a45d,DP_00115,VER_TITLE_000514_000,4K,7.1,SDR,MXF,13,True
1c04f4f3-2746-4f46-ad99-45f8eb13bce1,DP_00115,VER_TITLE_001295_001,4K,2.0,HDR10,IMF,37,True
4fad0a8a-103a-43f6-bceb-d407ba8c854b,DP_00116,VER_TITLE_004471_001,4K,2.0,HDR10,MXF,11,True
1e368553-d9e6-4ae0-9adb-78244e7f646b,DP_00116,VER_TITLE_004557_001,4K,Atmos,Dolby Vision,MXF,9,False
6b77397e-597e-4e92-b4bf-ca68d346fb95,DP_00116,VER_TITLE_000539_000,HD,7.1,SDR,IMF,33,True
055bf8a8-1e8d-4edb-9915-d4412607d40a,DP_00116,VER_TITLE_004389_002,8K,Atmos,HDR10+,MXF,29,True
c66b54a6-4218-43f6-b99f-5e8c474e7007,DP_00117,VER_TITLE_000220_000,4K,5.1,SDR,MP4,49,True
5d978dc1-e72e-449d-8db9-a6017aba7693,DP_00117,VER_TITLE_003998_000,4K,7.1,SDR,MKV,33,True
6db689c3-c3c5-491e-8071-fd79cd36235d,DP_00117,VER_TITLE_003608_001,HD,2.0,HDR10+,MXF,35,True
897d949f-3d98-4469-a74d-adcd24e1b273,DP_00118,VER_TITLE_004256_002,8K,7.1,Dolby Vision,IMF,24,True
c4bd3ec8-e1f9-498f-b432-1921052923f5,DP_00118,VER_TITLE_004739_003,HD,7.1,Dolby Vision,MP4,45,False
bca5bf7b-3d62-4439-938b-4eaf741382e0,DP_00118,VER_TITLE_000891_001,4K,7.1,HDR10,MXF,46,True
41d61180-2496-42a1-82e4-1e804d55f5ba,DP_00118,VER_TITLE_003175_003,HD,2.0,Dolby Vision,MXF,6,False
901c8d48-b654-41d5-ae40-a31de3862af5,DP_00118,VER_TITLE_001042_002,HD,7.1,Dolby Vision,MKV,28,True
7fb22500-2c28-4424-9cbf-f119ac089a3f,DP_00119,VER_TITLE_002517_002,HD,2.0,HDR10+,IMF,38,False
6912909b-4c40-4546-94d2-f347e033ee0b,DP_00119,VER_TITLE_001281_001,4K,Atmos,Dolby Vision,IMF,21,False
c06e8d95-e244-4706-8627-c98ba5c4e417,DP_00120,VER_TITLE_004822_001,HD,Atmos,HDR10,MP4,8,False
8d7e04f9-3fab-48e2-b15a-539fa4851ce5,DP_00120,VER_TITLE_004230_001,HD,7.1,HDR10+,MP4,22,False
0bb85010-a7c7-425c-8afe-5569f74dba25,DP_00120,VER_TITLE_004290_004,8K,Atmos,SDR,MKV,12,False
6ee6491e-74e3-4134-b4c9-a04198327274,DP_00120,VER_TITLE_002050_001,HD,2.0,Dolby Vision,IMF,5,False
584cbfad-e199-4f8e-a158-be29e8041bba,DP_00121,VER_TITLE_000075_002,4K,7.1,HDR10+,MKV,41,False
35d00cc5-5f2d-4607-bbf1-6b8a3d619125,DP_00121,VER_TITLE_004557_004,4K,2.0,Dolby Vision,MXF,9,True
34d5a83e-2d0e-4ba5-92c7-748907493618,DP_00121,VER_TITLE_004883_005,4K,Atmos,HDR10+,MP4,15,False
87ebc732-d857-40d5-a214-501a06ebb0be,DP_00121,VER_TITLE_004412_001,4K,2.0,SDR,MKV,39,False
fda40383-864d-479d-a114-031f676cf6db,DP_00121,VER_TITLE_004786_000,8K,2.0,HDR10+,MKV,23,False
4b08930b-b0d2-4a56-a8f7-9a99d90cb40c,DP_00122,VER_TITLE_004912_000,4K,7.1,SDR,IMF,30,True
7384bebe-9480-42a6-bed7-0e09b6bed404,DP_00122,VER_TITLE_000779_000,4K,Atmos,SDR,IMF,48,True
700d7474-b417-4392-be53-4670e4f48eef,DP_00123,VER_TITLE_004007_003,8K,2.0,HDR10,IMF,5,True
29a4654d-ce65-4405-a1e9-a333cf4e7f73,DP_00123,VER_TITLE_000165_002,8K,Atmos,Dolby Vision,MXF,50,True
d26ba0f8-a838-4eb9-9ea3-0f39f86e23e0,DP_00123,VER_TITLE_003149_000,4K,2.0,HDR10,MXF,7,False
1313aa9a-4df0-4aa2-abc3-1ea97817b9a7,DP_00123,VER_TITLE_004986_000,4K,2.0,Dolby Vision,MKV,16,False
d96446f0-7688-4c4e-86df-bf31ca4c1d23,DP_00123,VER_TITLE_000363_001,4K,Atmos,SDR,MKV,43,False
95af2603-c566-4b8c-967c-ed7377b32deb,DP_00124,VER_TITLE_002331_003,8K,5.1,HDR10,MP4,47,True
95f0ac43-753b-4c2c-bc0b-a9a0f5bd6dcd,DP_00124,VER_TITLE_004348_002,HD,5.1,HDR10,MP4,6,False
59c2e169-b92f-4f1f-94ec-3b4d9c182dec,DP_00124,VER_TITLE_004051_001,HD,2.0,HDR10+,MKV,16,False
4e5f1283-35cd-4b19-a518-119789e84765,DP_00124,VER_TITLE_000819_000,8K,Atmos,Dolby Vision,MP4,22,True
a8b1d84f-fe6f-439e-80df-031e18788bd6,DP_00124,VER_TITLE_001223_004,8K,5.1,HDR10,MP4,48,False
57c62f5b-6894-48c9-b476-c6589aee5951,DP_00124,VER_TITLE_000308_001,8K,2.0,HDR10,MKV,41,True
e0ba68c5-7d67-4d9f-82bb-a50a9f19e20b,DP_00125,VER_TITLE_001975_000,8K,Atmos,SDR,MKV,26,True
2d3ded1e-6094-4b23-b319-755a3b6ded2e,DP_00125,VER_TITLE_004955_001,HD,5.1,HDR10,MXF,14,False
e86e1895-2950-4c41-a638-c4da3edb1043,DP_00126,VER_TITLE_004354_001,8K,Atmos,SDR,MKV,40,True
fdd8f399-a92a-44f4-90a5-1b4cee043347,DP_00126,VER_TITLE_004316_002,HD,2.0,HDR10+,MP4,15,True
98ae5b7a-8838-4a31-95d9-cc2e30d45547,DP_00126,VER_TITLE_002279_000,8K,7.1,SDR,MXF,39,True
54cf5883-c1be-4aa9-a496-bf9facdfff64,DP_00126,VER_TITLE_003406_001,8K,2.0,HDR10+,MP4,48,True
f1d60b8e-d188-42cd-be91-4d02960e586b,DP_00126,VER_TITLE_000585_004,4K,2.0,Dolby Vision,IMF,12,False
9dcf3c9a-fa9a-4936-9156-4d65b5869cc4,DP_00126,VER_TITLE_001005_001,8K,5.1,HDR10+,MKV,17,True
8fef0c60-863c-4ba6-ba2f-7c5943d4482f,DP_00127,VER_TITLE_001163_000,4K,7.1,SDR,MKV,14,True
3d9ec235-1a02-481a-8f3b-045c20bd6446,DP_00127,VER_TITLE_001333_001,8K,7.1,SDR,MKV,24,False
ffa2524e-b389-49b7-b82a-0a4a69a28588,DP_00127,VER_TITLE_000733_004,4K,5.1,HDR10,MP4,23,True
f9302563-440a-4fa6-80b5-2d7f08e0cf3d,DP_00127,VER_TITLE_004688_003,8K,7.1,Dolby Vision,IMF,47,False
ab933cd4-29ef-469f-868b-89ca5505855c,DP_00127,VER_TITLE_004839_001,4K,2.0,HDR10,MXF,49,True
30c197ec-59bc-45b3-903a-7439ebd36d99,DP_00128,VER_TITLE_000929_001,HD,2.0,Dolby Vision,MP4,25,False
ad77d6ef-f3a3-46b3-952a-54f4b8ab302d,DP_00128,VER_TITLE_004666_003,4K,5.1,Dolby Vision,MKV,46,False
f08198fa-25b0-405c-946d-e4fe0036ca82,DP_00128,VER_TITLE_002564_002,HD,Atmos,Dolby Vision,MP4,49,False
5a59348a-e56d-499a-8693-3ee691ae59ce,DP_00128,VER_TITLE_000597_004,8K,2.0,HDR10,IMF,5,True
50fd2bf0-3357-4aed-816d-c0dbd8b25bbd,DP_00128,VER_TITLE_002895_001,8K,7.1,Dolby Vision,MP4,13,False
71fc95f3-8b4b-4de4-9a07-b09f64192fb3,DP_00129,VER_TITLE_003306_005,8K,5.1,HDR10+,IMF,44,False
fe25c97e-bbef-427a-a4f5-5352139dfe13,DP_00129,VER_TITLE_002972_004,HD,5.1,SDR,MXF,16,False
0acbfec9-d8c7-45a4-b9ef-2cc3ddf9ebcd,DP_00129,VER_TITLE_004851_003,8K,Atmos,HDR10+,MP4,49,True
cfc3bf18-4558-4f4b-b5a5-2b8e578908d5,DP_00129,VER_TITLE_001477_000,4K,Atmos,HDR10+,MP4,33,True
c6c44db3-a491-4e89-a409-a5001179391d,DP_00129,VER_TITLE_004067_003,HD,Atmos,Dolby Vision,MKV,5,False
82303f7f-7259-49f6-804d-72787bd9c102,DP_00129,VER_TITLE_000800_002,HD,7.1,Dolby Vision,MKV,7,False
7e048029-a22b-4505-ac73-dd3b700151f4,DP_00130,VER_TITLE_003465_001,8K,2.0,HDR10,MP4,39,True
21eeb188-2fe0-45ee-93c4-fac13844d3f8,DP_00130,VER_TITLE_000232_000,8K,2.0,HDR10+,MKV,12,False
90ac5dd4-3a65-4000-b540-c2557410708c,DP_00130,VER_TITLE_003335_001,8K,2.0,HDR10+,MKV,7,True
994a2bd4-fa8c-4685-83bc-c4f51ba984be,DP_00131,VER_TITLE_001765_003,8K,2.0,Dolby Vision,MXF,11,True
f4d11373-19d9-4e92-a6ec-4caed89bc07e,DP_00131,VER_TITLE_003284_004,8K,2.0,HDR10+,IMF,46,True
974369e2-24bd-4599-a82d-0cf0763233d8,DP_00131,VER_TITLE_000839_003,4K,Atmos,HDR10+,MKV,31,False
cc88d0b0-fb6e-4f13-8a91-ee92f2ad59c1,DP_00131,VER_TITLE_001922_002,HD,Atmos,HDR10,MP4,23,True
8d7cad14-ab5d-4cff-a7c7-a4b3118c2f8e,DP_00131,VER_TITLE_004682_000,8K,2.0,Dolby Vision,IMF,30,False
483e3e52-f7aa-479f-9ca8-c8c94cf6f093,DP_00132,VER_TITLE_000967_003,8K,7.1,Dolby Vision,MKV,21,False
e950018c-a9d6-49dd-8a1f-87d38f01eac7,DP_00132,VER_TITLE_001787_002,HD,5.1,HDR10,IMF,49,True
be8c4ba4-619e-4aca-a049-c8c436ffe8fc,DP_00132,VER_TITLE_004270_004,4K,5.1,SDR,MP4,20,False
801ab360-059e-4280-93d5-094353d1c617,DP_00133,VER_TITLE_002488_004,HD,2.0,HDR10+,MKV,13,True
c4c97805-99d5-4ac8-b43f-2e2933ca866b,DP_00133,VER_TITLE_001649_001,4K,2.0,HDR10+,MXF,34,False
14b92143-4344-4138-9b19-a3009654c019,DP_00133,VER_TITLE_001544_000,4K,7.1,HDR10,MP4,32,True
e240ac57-0dfc-4d8e-bfe5-cf8d3a5e4bdf,DP_00133,VER_TITLE_003846_000,HD,2.0,SDR,MKV,46,True
0441fff3-36e7-41b2-8c85-aa5388c94b38,DP_00133,VER_TITLE_001313_000,4K,Atmos,SDR,MXF,33,True
61b9e806-c717-4f51-b1bb-cd45a37c8928,DP_00134,VER_TITLE_000517_001,HD,Atmos,HDR10+,MP4,7,True
62f9ecb0-2ea3-4d91-b354-03717b03860a,DP_00134,VER_TITLE_000798_000,HD,5.1,HDR10+,IMF,36,False
dd41e0e9-43af-4861-968a-0e7979697a4b,DP_00134,VER_TITLE_004691_002,4K,5.1,HDR10,IMF,14,False
978f5250-dcb3-4a51-adb7-6ed4c1412eb7,DP_00135,VER_TITLE_001496_004,8K,5.1,Dolby Vision,IMF,44,True
ae941f17-e779-4fdc-8ae1-6f7442a2934d,DP_00135,VER_TITLE_002025_000,8K,2.0,HDR10+,IMF,7,True
a563ecb1-0713-42a9-a19e-8fd46ee3f1c3,DP_00136,VER_TITLE_001620_000,4K,2.0,Dolby Vision,MKV,33,False
a61e6df6-3a24-4471-9842-0de1b41492e3,DP_00136,VER_TITLE_003330_001,HD,2.0,HDR10,MP4,36,False
5c77f9e4-3435-4858-92c7-c78848c34894,DP_00136,VER_TITLE_001561_004,HD,7.1,HDR10,IMF,44,True
0af5b47e-2349-40b5-b94a-a41f77a928bc,DP_00137,VER_TITLE_002488_000,HD,7.1,HDR10+,MXF,31,True
db85a0ba-4dbb-4694-b67d-f45c19efc0f4,DP_00137,VER_TITLE_000987_000,4K,2.0,Dolby Vision,MXF,29,False
8578928e-1d8f-491f-9295-a8a940a26c3a,DP_00138,VER_TITLE_001431_002,8K,5.1,HDR10+,IMF,32,True
b9b5bb3c-9970-43f8-aa8b-22d2bd4d3e62,DP_00138,VER_TITLE_000985_004,HD,7.1,HDR10,MKV,24,True
5c933a7d-d7c6-48dd-b0c3-d020304aa8cd,DP_00138,VER_TITLE_000768_002,8K,5.1,SDR,MP4,21,False
29f8573f-57b2-4999-899b-59505673a092,DP_00138,VER_TITLE_004285_001,4K,Atmos,HDR10,MKV,19,False
33576fb1-761b-4150-a1c1-1164da9ef9c8,DP_00138,VER_TITLE_001572_000,4K,5.1,HDR10+,IMF,33,True
30d83e3f-e8a8-4e3e-bc8a-2c26018c00c9,DP_00138,VER_TITLE_002152_002,HD,Atmos,SDR,MP4,14,True
443b07c3-85fe-4f63-b41d-10b6e323ec47,DP_00139,VER_TITLE_003611_002,HD,7.1,HDR10,MP4,30,True
496398d3-5e0f-425f-b5d5-b0492310f83d,DP_00139,VER_TITLE_000443_005,4K,2.0,SDR,MXF,30,False
485e11ce-9c93-4fb7-a8db-93a476b51050,DP_00139,VER_TITLE_000429_001,HD,7.1,HDR10,MKV,23,True
b1835585-3575-40f5-a2ab-3f2ed52d4960,DP_00139,VER_TITLE_000099_003,HD,7.1,Dolby Vision,IMF,29,True
ba9bd155-8d46-44f5-963d-5275d9a5badb,DP_00139,VER_TITLE_001865_000,HD,5.1,HDR10+,MKV,25,False
cd8d9f59-cf2e-452a-8ca9-abb8610804d6,DP_00140,VER_TITLE_000197_004,4K,7.1,SDR,IMF,27,True
51967dc6-37da-41e2-860b-05d4af09e77d,DP_00140,VER_TITLE_003943_002,8K,2.0,SDR,MXF,38,True
912443b0-31c1-4160-90f2-93c0a8425985,DP_00140,VER_TITLE_001731_000,HD,2.0,SDR,MXF,26,True
9d807cf6-360c-4c3c-abff-4eb14dc35f9e,DP_00141,VER_TITLE_003469_003,HD,5.1,HDR10+,MP4,11,False
8b070c6d-55aa-4934-b5c9-4f0567617c51,DP_00141,VER_TITLE_002631_000,4K,5.1,Dolby Vision,MKV,8,True
67050e3e-1a16-4de9-8228-4f088edcf518,DP_00142,VER_TITLE_004684_003,4K,5.1,HDR10+,MKV,12,False
c8a68ddc-574e-42f0-be8f-9dbcd7c2d8cc,DP_00142,VER_TITLE_003670_001,4K,2.0,Dolby Vision,MXF,36,False
1b12931c-5d88-4486-8844-053966ff84cc,DP_00142,VER_TITLE_004972_002,8K,2.0,HDR10+,MXF,10,False
9b12b95f-1ed2-4733-b400-51351f194aee,DP_00142,VER_TITLE_003946_004,HD,7.1,HDR10,MXF,6,False
b4f06744-d7dc-4b2b-8c35-fa9f6f137fcc,DP_00143,VER_TITLE_000137_003,8K,2.0,HDR10,IMF,21,False
d282737a-13a3-4b92-bc0d-284d0b75ac4b,DP_00143,VER_TITLE_001837_001,HD,2.0,HDR10,IMF,34,True
b4026fdd-7fae-473d-96a2-e3318fe499e5,DP_00143,VER_TITLE_002990_002,HD,7.1,SDR,MKV,49,False
09a73b5e-72c2-4508-a2a0-35b83f6178a9,DP_00143,VER_TITLE_002727_003,8K,Atmos,SDR,MXF,50,True
3d918265-27b7-4f30-95d2-9f3c74af5729,DP_00143,VER_TITLE_001526_000,4K,7.1,SDR,IMF,38,False
c4aab8c5-7646-4c43-9e55-86b90e4b08dc,DP_00144,VER_TITLE_001546_004,8K,2.0,SDR,MP4,18,True
c2a908c2-e0e4-4f91-a0c6-48bda5ceef4f,DP_00144,VER_TITLE_002377_002,8K,2.0,HDR10,MP4,14,True
eb9f3fc3-f80e-474b-a627-bb8ede29d5f7,DP_00144,VER_TITLE_004313_002,4K,Atmos,HDR10,MP4,13,True
e2d469aa-eb72-4dd0-a13d-c265ae2acb10,DP_00145,VER_TITLE_004815_000,4K,Atmos,Dolby Vision,MP4,43,False
7639b612-fcee-4389-b380-d24f341c2117,DP_00145,VER_TITLE_004141_001,4K,7.1,SDR,MXF,41,False
cd5a3955-ab31-4d7a-9b95-a0a856fe8125,DP_00145,VER_TITLE_001702_000,HD,2.0,HDR10,MKV,16,False
5a510cd4-7dde-4013-a442-c1bc2769bfa9,DP_00145,VER_TITLE_001682_001,4K,5.1,Dolby Vision,MP4,33,True
60709a5b-41e8-4a58-82f0-ad19be6ad1b2,DP_00145,VER_TITLE_000773_001,4K,Atmos,HDR10,MXF,43,False
c0bfea2a-2e4f-41b2-b3b3-adc8f05a2a9d,DP_00145,VER_TITLE_003084_002,4K,5.1,HDR10,IMF,16,True
8e916ac5-9618-4bef-9d03-c2d3bde92241,DP_00146,VER_TITLE_004511_000,HD,5.1,Dolby Vision,MKV,5,True
c3088df2-44b6-4e10-a886-2c0a8267fc50,DP_00146,VER_TITLE_004633_002,4K,7.1,HDR10,MKV,35,True
e0543ab7-0d51-4b90-b859-5ead6d93cd49,DP_00146,VER_TITLE_001494_002,4K,Atmos,HDR10,MKV,13,True
016e73bd-8ce2-4230-a0ac-44ed3b0ee742,DP_00147,VER_TITLE_002617_001,HD,7.1,HDR10+,MP4,11,True
ba5d408d-e375-4ff6-bbf5-0528c45f3433,DP_00147,VER_TITLE_004382_000,8K,7.1,HDR10,MP4,42,True
1e33ed96-799e-428e-80f5-43496337ea5a,DP_00147,VER_TITLE_000606_003,HD,5.1,Dolby Vision,IMF,44,True
addad13f-e358-4e86-92c4-bf777a4f3381,DP_00147,VER_TITLE_004338_000,8K,2.0,HDR10+,MXF,41,True
d41089b1-e456-4d18-95f8-536864f8b582,DP_00148,VER_TITLE_003639_005,4K,2.0,SDR,MP4,48,False
8bcf6ccc-7c33-42b6-9e5c-acb1fc45b081,DP_00148,VER_TITLE_000531_004,HD,7.1,HDR10+,MXF,40,True
cc253f03-f05f-4ea6-88e8-1fb1bd51418a,DP_00148,VER_TITLE_004283_002,HD,Atmos,HDR10,MP4,23,True
1bf38638-7196-4594-82d2-5ad777c047e2,DP_00148,VER_TITLE_000789_000,4K,5.1,HDR10+,MKV,11,True
8d02443f-d522-4fa0-9f35-2ede30bce8c6,DP_00148,VER_TITLE_004044_001,4K,2.0,HDR10+,MXF,33,True
cf94315e-b0be-44fa-9a27-a06672171b0a,DP_00148,VER_TITLE_001791_002,8K,2.0,Dolby Vision,MP4,49,False
466699f4-5a3e-48d1-aeae-25c12597266a,DP_00149,VER_TITLE_004937_001,4K,Atmos,Dolby Vision,MXF,31,False
273484e2-f23f-4e61-bcc2-a5e867f03d07,DP_00149,VER_TITLE_004282_002,HD,Atmos,Dolby Vision,MKV,42,True
f2ab53d0-3fa2-489d-ba3c-dc030d976a7b,DP_00149,VER_TITLE_000595_000,8K,2.0,SDR,MKV,50,False
3bb70c0f-a2c2-41df-98d4-10fcb2ece82d,DP_00150,VER_TITLE_000278_002,8K,Atmos,SDR,MKV,18,False
1d0a2378-6a0e-4da5-a9df-03200454dbaf,DP_00150,VER_TITLE_002448_002,HD,2.0,HDR10+,IMF,24,False
fbb01bb4-7ef4-4ce4-b045-ded99de07a4b,DP_00150,VER_TITLE_002729_000,HD,7.1,Dolby Vision,MKV,26,False
